<Configuration ID="51bd5f52-0eea-43c1-8a46-b61b6939eb1e">
  <Add OfficeClientEdition="32" Channel="Current">
    <Product ID="O365BusinessRetail">
      <Language ID="en-us" />
      <ExcludeApp ID="Groove" />
      <ExcludeApp ID="Lync" />
    </Product>
    <Product ID="ProjectPro2021Volume" PIDKEY="FTNWT-C6WBT-8HMGF-K9PRX-QV9H8">
      <Language ID="en-us" />
      <ExcludeApp ID="Groove" />
      <ExcludeApp ID="Lync" />
    </Product>
  </Add>
  <Property Name="SharedComputerLicensing" Value="0" />
  <Property Name="FORCEAPPSHUTDOWN" Value="TRUE" />
  <Property Name="DeviceBasedLicensing" Value="0" />
  <Property Name="SCLCacheOverride" Value="0" />
  <Property Name="AUTOACTIVATE" Value="1" />
  <Updates Enabled="TRUE" />
  <RemoveMSI>
    <IgnoreProduct ID="InfoPath" />
    <IgnoreProduct ID="InfoPathR" />
    <IgnoreProduct ID="PrjPro" />
    <IgnoreProduct ID="PrjStd" />
    <IgnoreProduct ID="SharePointDesigner" />
    <IgnoreProduct ID="VisPro" />
    <IgnoreProduct ID="VisStd" />
  </RemoveMSI>
  <AppSettings>
    <Setup Name="Company" Value="CST" />
  </AppSettings>
  <Display Level="None" AcceptEULA="FALSE" />
</Configuration>